{
    "hosts": {
        "h1": {
            "ip": "10.0.1.1/24",
            "mac": "08:00:00:00:01:01",
            "commands": [
                "route add default gw 10.0.1.10 dev eth0",
                "arp -i eth0 -s 10.0.1.10 08:00:00:00:01:00"
            ]
        },
        "h2": {
            "ip": "10.0.2.2/24",
            "mac": "08:00:00:00:02:02",
            "commands": [
                "route add default gw 10.0.2.20 dev eth0",
                "arp -i eth0 -s 10.0.2.20 08:00:00:00:02:00"
            ]
        },
        "h3": {
            "ip": "10.0.3.3/24",
            "mac": "08:00:00:00:03:03",
            "commands": [
                "route add default gw 10.0.3.30 dev eth0",
                "arp -i eth0 -s 10.0.3.30 08:00:00:00:03:00"
            ]
        },
        "h4": {
            "ip": "10.0.4.4/24",
            "mac": "08:00:00:00:04:04",
            "commands": [
                "route add default gw 10.0.4.40 dev eth0",
                "arp -i eth0 -s 10.0.4.40 08:00:00:00:04:00"
            ]
        },
        "h5": {
            "ip": "10.0.5.5/24",
            "mac": "08:00:00:00:05:05",
            "commands": [
                "route add default gw 10.0.5.50 dev eth0",
                "arp -i eth0 -s 10.0.5.50 08:00:00:00:05:00"
            ]
        },
        "h6": {
            "ip": "10.0.6.6/24",
            "mac": "08:00:00:00:06:06",
            "commands": [
                "route add default gw 10.0.6.60 dev eth0",
                "arp -i eth0 -s 10.0.6.60 08:00:00:00:06:00"
            ]
        },
        "h7": {
            "ip": "10.0.7.7/24",
            "mac": "08:00:00:00:07:07",
            "commands": [
                "route add default gw 10.0.7.70 dev eth0",
                "arp -i eth0 -s 10.0.7.70 08:00:00:00:07:00"
            ]
        },
        "h8": {
            "ip": "10.0.8.8/24",
            "mac": "08:00:00:00:08:08",
            "commands": [
                "route add default gw 10.0.8.80 dev eth0",
                "arp -i eth0 -s 10.0.8.80 08:00:00:00:08:00"
            ]
        },
        "h9": {
            "ip": "10.0.9.9/24",
            "mac": "08:00:00:00:09:09",
            "commands": [
                "route add default gw 10.0.9.90 dev eth0",
                "arp -i eth0 -s 10.0.9.90 08:00:00:00:09:00"
            ]
        },
        "h10": {
            "ip": "10.0.10.10/24",
            "mac": "08:00:00:00:10:10",
            "commands": [
                "route add default gw 10.0.10.100 dev eth0",
                "arp -i eth0 -s 10.0.10.100 08:00:00:00:10:00"
            ]
        },
        "h11": {
            "ip": "10.0.11.11/24",
            "mac": "08:00:00:00:11:11",
            "commands": [
                "route add default gw 10.0.11.110 dev eth0",
                "arp -i eth0 -s 10.0.11.110 08:00:00:00:11:00"
            ]
        },
        "h12": {
            "ip": "10.0.12.12/24",
            "mac": "08:00:00:00:12:12",
            "commands": [
                "route add default gw 10.0.12.120 dev eth0",
                "arp -i eth0 -s 10.0.12.120 08:00:00:00:12:00"
            ]
        },
        "h13": {
            "ip": "10.0.13.13/24",
            "mac": "08:00:00:00:13:13",
            "commands": [
                "route add default gw 10.0.13.130 dev eth0",
                "arp -i eth0 -s 10.0.13.130 08:00:00:00:13:00"
            ]
        },
        "h14": {
            "ip": "10.0.14.14/24",
            "mac": "08:00:00:00:14:14",
            "commands": [
                "route add default gw 10.0.14.140 dev eth0",
                "arp -i eth0 -s 10.0.14.140 08:00:00:00:14:00"
            ]
        },
        "h15": {
            "ip": "10.0.15.15/24",
            "mac": "08:00:00:00:15:15",
            "commands": [
                "route add default gw 10.0.15.150 dev eth0",
                "arp -i eth0 -s 10.0.15.150 08:00:00:00:15:00"
            ]
        },
        "h16": {
            "ip": "10.0.16.16/24",
            "mac": "08:00:00:00:16:16",
            "commands": [
                "route add default gw 10.0.16.160 dev eth0",
                "arp -i eth0 -s 10.0.16.160 08:00:00:00:16:00"
            ]
        },
        "h17": {
            "ip": "10.0.17.17/24",
            "mac": "08:00:00:00:17:17",
            "commands": [
                "route add default gw 10.0.17.170 dev eth0",
                "arp -i eth0 -s 10.0.17.170 08:00:00:00:17:00"
            ]
        },
        "h18": {
            "ip": "10.0.18.18/24",
            "mac": "08:00:00:00:18:18",
            "commands": [
                "route add default gw 10.0.18.180 dev eth0",
                "arp -i eth0 -s 10.0.18.180 08:00:00:00:18:00"
            ]
        },
        "h19": {
            "ip": "10.0.19.19/24",
            "mac": "08:00:00:00:19:19",
            "commands": [
                "route add default gw 10.0.19.190 dev eth0",
                "arp -i eth0 -s 10.0.19.190 08:00:00:00:19:00"
            ]
        }
    },
    "switches": {
        "s1": {
            "bandwidth": "12"
        },
        "s2": {
            "bandwidth": "12"
        },
        "s3": {
            "bandwidth": "12"
        },
        "s4": {
            "bandwidth": "12"
        },
        "s5": {
            "bandwidth": "12"
        },
        "s6": {
            "bandwidth": "12"
        },
        "s7": {
            "bandwidth": "12"
        },
        "s8": {
            "bandwidth": "12"
        },
        "s9": {
            "bandwidth": "12"
        },
        "s10": {
            "bandwidth": "12"
        },
        "s11": {
            "bandwidth": "12"
        },
        "s12": {
            "bandwidth": "12"
        },
        "s13": {
            "bandwidth": "12"
        },
        "s14": {
            "bandwidth": "12"
        },
        "s15": {
            "bandwidth": "12"
        },
        "s16": {
            "bandwidth": "12"
        },
        "s17": {
            "bandwidth": "12"
        },
        "s18": {
            "bandwidth": "12"
        }
    },
    "links": [
        [
            "h1",
            "s1-p1"
        ],
        [
            "s1-p2",
            "s2-p1"
        ],
        [
            "s1-p3",
            "s4-p1"
        ],
        [
            "s2-p2",
            "s4-p2"
        ],
        [
            "s2-p3",
            "s3-p1"
        ],
        [
            "s3-p2",
            "s18-p2"
        ],
        [
            "s3-p3",
            "s4-p3"
        ],
        [
            "s3-p4",
            "s7-p4"
        ],
        [
            "s4-p4",
            "s5-p1"
        ],
        [
            "s5-p2",
            "s6-p1"
        ],
        [
            "s5-p3",
            "s7-p2"
        ],
        [
            "s6-p2",
            "s8-p1"
        ],
        [
            "s6-p3",
            "s16-p1"
        ],
        [
            "s7-p3",
            "s8-p2"
        ],
        [
            "s8-p3",
            "s17-p1"
        ],
        [
            "s8-p4",
            "s9-p3"
        ],
        [
            "s9-p2",
            "s10-p1"
        ],
        [
            "s10-p2",
            "s11-p1"
        ],
        [
            "s11-p2",
            "s17-p2"
        ],
        [
            "s11-p3",
            "s12-p1"
        ],
        [
            "s12-p2",
            "s13-p4"
        ],
        [
            "s12-p3",
            "s14-p1"
        ],
        [
            "s13-p2",
            "s14-p2"
        ],
        [
            "s13-p3",
            "s17-p3"
        ],
        [
            "s14-p3",
            "s15-p1"
        ],
        [
            "s15-p2",
            "s16-p2"
        ],
        [
            "s16-p3",
            "s17-p4"
        ],
        [
            "h2",
            "s18-p1"
        ],
        [
            "h3",
            "s18-p3"
        ],
        [
            "h4",
            "s18-p4"
        ],
        [
            "h5",
            "s18-p5"
        ],
        [
            "h6",
            "s18-p6"
        ],
        [
            "h7",
            "s7-p1"
        ],
        [
            "h8",
            "s7-p5"
        ],
        [
            "h9",
            "s9-p1"
        ],
        [
            "h10",
            "s9-p4"
        ],
        [
            "h11",
            "s10-p3"
        ],
        [
            "h12",
            "s11-p4"
        ],
        [
            "h13",
            "s12-p4"
        ],
        [
            "h14",
            "s13-p1"
        ],
        [
            "h15",
            "s13-p5"
        ],
        [
            "h16",
            "s14-p4"
        ],
        [
            "h17",
            "s15-p3"
        ],
        [
            "h18",
            "s16-p4"
        ],
        [
            "h19",
            "s17-p5"
        ]
    ]
}